Question,Expected Answer,Actual Answer
What is the capital of France?,The capital of France is Paris,The capital of France is Paris.
Which elements were discovered by Marie Curie?,"Marie Curie discovered two elements: 1. Polonium (Po)
2. Radium (Ra)","Marie Curie was a pioneering physicist and chemist who made groundbreaking discoveries in the field of radioactivity. She
discovered two elements:

1. Polonium (Po) - named after her homeland, Poland
2. Radium (Ra) - named after the Latin word for ""ray"", which is fitting given its radioactive properties

Both of these elements were previously unknown and were isolated by Curie in 1898 through her pioneering work on radioactivity."
 By whom Pride and Prejudice was written?,Pride and Prejudice was written by Jane Austen,"Pride and Prejudice, a classic English novel, was written by Jane Austen (1775-1817)."
What is the square root of 81?,The square root of 81 is 9,The square root of 81 is 9.
Who won the World Cup in 1998?,"Can you please tell me what
type of competition you were thinking of when you asked about the 1998 winner?","France won the FIFA World Cup in 1998, which was held in France. They defeated Brazil 3-0 in the final on July 12, 1998."
Lobamba is capital of?,"Lobamba is historical capital of Eswatini, but Mbabane is actual capital since 2006","I couldn't find any information on a city called ""Lobamba"" being the capital of a country or region that I'm familiar with.
Could you please provide more context or clarify which Lobamba you are referring to?"
Which planet is the largest in the System?,"If you meant our solar system, the largest planet is Jupiter","In our solar system, Jupiter is the largest planet."
